Rank,Ticker,Chart,hh,hl,trend_structure,trend_score,current_price,high_6m,low_6m,pct_from_6m_high,RVOL,Velocity %,momentum_score,sector,industry,market_cap,rev_growth_pct,earnings_growth_pct,profit_margin_pct,trailing_pe,forward_pe,analyst_rec,short_ratio,fund_score,rvol_score,composite
1,P,https://www.tradingview.com/symbols/P/,False,True,BASING,4,130.78,133.32,58.91,-1.9,1.35,107.2,2.1,Technology,Computer Hardware,43579461632,37.7,50.0,5.9,179.2,36.8,1.55,2.1,9,3.4,4.4
2,HSHP,https://www.tradingview.com/symbols/HSHP/,False,True,BASING,4,17.37,19.55,12.26,-11.2,1.2,68.1,1.4,Industrials,Marine Shipping,819342912,79.6,2500.0,31.4,15.4,,,3.3,9,3.0,4.2
3,AUB,https://www.tradingview.com/symbols/AUB/,False,True,BASING,4,37.95,43.24,34.57,-12.2,1.13,25.4,1.0,Financial Services,Banks - Regional,5419825664,35.8,834.8,32.3,11.1,9.4,1.78,7.8,10,2.8,4.2
4,RDN,https://www.tradingview.com/symbols/RDN/,False,True,BASING,4,30.61,40.76,30.58,-24.9,1.79,7.8,1.0,Financial Services,Insurance - Specialty,4049743360,93.5,-16.2,32.5,7.6,5.8,1.67,5.8,8,4.5,4.1
5,HUM,https://www.tradingview.com/symbols/HUM/,False,True,BASING,4,381.57,428.88,171.64,-11.0,1.23,143.1,2.9,Healthcare,Healthcare Plans,45819043840,26.2,27.1,0.9,36.3,23.0,2.15,3.0,7,3.1,4.1
6,ET,https://www.tradingview.com/symbols/ET/,False,True,BASING,4,19.77,21.84,17.73,-9.5,1.2,29.9,1.0,Energy,Oil & Gas Midstream,68074033152,78.4,85.3,4.9,13.5,11.3,1.48,4.0,9,3.0,4.0
7,WBI,https://www.tradingview.com/symbols/WBI/,False,True,BASING,4,28.12,36.83,24.58,-23.7,1.05,36.0,1.0,Energy,Oil & Gas Equipment & Services,3471588608,128.0,80.1,1.4,,23.7,1.88,10.8,9,2.6,4.0
8,KNTK,https://www.tradingview.com/symbols/KNTK/,False,True,BASING,4,50.2,56.92,43.17,-11.8,1.14,36.7,1.0,Energy,Oil & Gas Midstream,8493833728,36.3,95.2,29.2,17.6,23.0,,5.8,9,2.8,4.0
9,C,https://www.tradingview.com/symbols/C/,False,True,BASING,4,129.48,147.21,110.66,-12.0,0.84,18.7,1.0,Financial Services,Banks - Diversified,217194512384,15.5,61.0,21.8,14.0,10.0,1.68,0.0,9,2.1,3.9
10,FITB,https://www.tradingview.com/symbols/FITB/,False,True,BASING,4,50.58,59.01,44.96,-14.3,1.23,29.9,1.0,Financial Services,Banks - Regional,45870624768,51.8,-5.7,23.2,17.0,10.2,1.67,,8,3.1,3.9
11,APH,https://www.tradingview.com/symbols/APH/,False,True,BASING,4,84.3,89.12,58.82,-5.4,0.99,44.3,1.0,Technology,Electronic Components,207881011200,55.0,59.3,17.7,42.1,25.6,1.44,2.8,9,2.5,3.9
12,CII,https://www.tradingview.com/symbols/CII/,False,True,BASING,4,24.0,25.72,20.38,-6.7,0.87,14.0,1.0,Financial Services,Asset Management,1048898560,41.8,38.5,2577.1,4.1,,,5.5,9,2.2,3.9
13,REPX,https://www.tradingview.com/symbols/REPX/,False,True,BASING,4,40.01,45.31,30.85,-11.7,0.75,29.0,1.0,Energy,Oil & Gas E&P,868054848,94.2,185.4,24.5,7.1,4.9,,3.1,9,1.9,3.8
14,NMM,https://www.tradingview.com/symbols/NMM/,False,True,BASING,4,89.91,95.0,67.22,-5.4,1.08,60.3,1.2,Industrials,Marine Shipping,2600719104,25.2,146.1,30.3,5.9,5.1,,2.4,8,2.7,3.8
15,JLL,https://www.tradingview.com/symbols/JLL/,False,True,BASING,4,305.52,393.84,276.03,-22.4,1.28,28.7,1.0,Real Estate,Real Estate Services,14056272896,10.8,97.8,3.6,14.7,10.7,1.83,3.1,7,3.2,3.7
16,PBA,https://www.tradingview.com/symbols/PBA/,False,True,BASING,4,44.58,51.01,40.92,-12.6,0.9,19.4,1.0,Energy,Oil & Gas Midstream,25925724160,20.1,26.2,22.4,22.2,19.7,2.05,16.0,8,2.2,3.7
17,EGP,https://www.tradingview.com/symbols/EGP/,False,True,BASING,4,197.45,224.75,181.79,-12.1,1.32,7.9,1.0,Real Estate,REIT - Industrial,10617540608,9.1,16.7,40.6,34.7,35.5,1.75,8.4,7,3.3,3.7
18,SKYH,https://www.tradingview.com/symbols/SKYH/,False,True,BASING,4,9.47,11.7,8.3,-19.0,1.36,8.6,1.0,Real Estate,Real Estate - Development,773031424,49.6,,2.7,,-49.8,,23.3,7,3.4,3.7
19,HRTG,https://www.tradingview.com/symbols/HRTG/,False,True,BASING,4,33.15,36.5,20.48,-9.2,1.0,76.2,1.5,Financial Services,Insurance - Property & Casualty,985629632,3.0,32.3,25.2,4.7,6.4,,3.5,7,2.5,3.7
20,IFS,https://www.tradingview.com/symbols/IFS/,False,True,BASING,4,54.39,61.38,43.09,-11.4,1.04,49.1,1.0,Financial Services,Banks - Regional,6004531200,3.8,2.4,35.7,10.2,8.1,1.67,1.4,7,2.6,3.6
21,CUZ,https://www.tradingview.com/symbols/CUZ/,False,True,BASING,4,27.64,32.95,21.35,-16.1,1.08,49.3,1.0,Real Estate,REIT - Office,4550291968,11.6,84.4,0.6,691.0,69.1,1.36,9.6,7,2.7,3.6
22,EMBJ,https://www.tradingview.com/symbols/EMBJ/,False,True,BASING,4,75.32,79.59,53.26,-5.4,1.12,50.9,1.0,Industrials,Aerospace & Defense,13403814912,10.4,113.9,5.3,30.5,18.9,1.47,1.3,7,2.8,3.6
23,ASX,https://www.tradingview.com/symbols/ASX/,False,True,BASING,4,44.46,45.75,21.34,-2.8,0.78,82.8,1.7,Technology,Semiconductors,115758964736,26.7,171.2,8.5,54.2,22.8,,2.1,7,2.0,3.6
24,ARW,https://www.tradingview.com/symbols/ARW/,False,True,BASING,4,227.0,237.33,142.37,-4.4,0.79,45.8,1.0,Technology,Electronics & Computer Distribution,11555530752,31.8,46.5,2.3,14.5,9.5,,2.9,8,2.0,3.6
25,LOAR,https://www.tradingview.com/symbols/LOAR/,False,True,BASING,4,61.52,82.49,53.15,-25.4,1.01,32.4,1.0,Industrials,Aerospace & Defense,5763715072,39.4,5.2,11.6,86.6,38.0,,10.2,7,2.5,3.6
26,FR,https://www.tradingview.com/symbols/FR/,False,True,BASING,4,59.54,69.31,56.86,-14.1,1.17,6.9,1.0,Real Estate,REIT - Industrial,8158110208,8.4,39.3,47.9,21.7,31.6,2.0,6.0,7,2.9,3.6
27,FNB,https://www.tradingview.com/symbols/FNB/,False,True,BASING,4,17.21,19.45,16.21,-11.5,1.08,15.0,1.0,Financial Services,Banks - Regional,6126138880,6.8,16.2,34.6,10.2,9.2,1.78,6.6,7,2.7,3.6
28,GNK,https://www.tradingview.com/symbols/GNK/,False,True,BASING,4,26.16,28.42,21.48,-8.0,0.69,37.6,1.0,Industrials,Marine Shipping,1140225536,68.5,,9.1,28.7,15.1,1.83,2.0,8,1.7,3.6
29,ALX,https://www.tradingview.com/symbols/ALX/,False,True,BASING,4,246.5,284.73,217.62,-13.4,1.08,26.1,1.0,Real Estate,REIT - Retail,1258946944,6.1,2441.2,79.1,7.5,18.9,,6.2,7,2.7,3.6
30,OKE,https://www.tradingview.com/symbols/OKE/,False,True,BASING,4,85.27,99.85,79.34,-14.6,0.94,20.8,1.0,Energy,Oil & Gas Midstream,53754990592,52.8,14.2,9.3,14.7,13.7,2.27,8.0,7,2.3,3.5
31,OHI,https://www.tradingview.com/symbols/OHI/,False,True,BASING,4,46.31,51.69,42.29,-10.4,0.86,12.0,1.0,Real Estate,REIT - Healthcare Facilities,14786657280,11.2,161.3,68.1,16.5,22.9,2.4,7.9,7,2.1,3.5
32,BAP,https://www.tradingview.com/symbols/BAP/,False,True,BASING,4,379.87,413.25,297.92,-8.1,0.89,49.8,1.0,Financial Services,Banks - Regional,30169016320,12.0,8.6,33.1,14.3,11.1,1.57,3.8,7,2.2,3.5
33,CR,https://www.tradingview.com/symbols/CR/,False,True,BASING,4,204.02,230.22,164.94,-11.4,0.74,38.7,1.0,Industrials,Specialty Industrial Machinery,11792429056,25.6,10.6,13.0,35.6,26.1,1.3,2.7,7,1.9,3.4
